# English voice loudness, measured at volume=1.0, sample='I finished the refactor and all the tests pass.'. RMS dBFS (higher=louder). Sorted loudest first.
rms_dbfs	name	voice_id
-14.4	Doreen - Decisive Coordinator	c0832d40-57c5-4a34-991a-907b2cf0bfbf
-15.1	Blake - Helpful Agent	a167e0f3-df7e-4d52-a9c3-f949145efdab
-15.2	Steve - Sad Baritone	80713a53-e484-4f69-9852-7891096016ac
-15.6	Greg - Supporter	a0e99841-438c-4a64-b679-ae501e7d6091
-15.7	Maeve - Steady Host	02a924f6-bb49-4177-8fbb-52238c5056d6
-15.7	Barry - Helper	13524ffb-a918-499a-ae97-c98c7c4408c4
-15.8	Renee - Commander	c2ac25f9-ecc4-4f56-9095-651354df60c0
-15.8	Aurora - Fairy Princess	8f091740-3df1-4795-8bd9-dc62d88e5131
-15.9	Janvi - Steady Agent	7ea5e9c2-b719-4dc3-b870-5ba5f14d31d8
-16.0	Griffin - Excited Narrator	34d923aa-c3b5-4f21-aac7-2c1f12730d4b
-16.0	Charlotte - Heiress	71a7ad14-091c-4e8e-a314-022ece01c121
-16.1	Matt - Goofy Friend	bfd3644b-d561-4b1c-a01f-d9af98cb67c0
-16.1	Kiara - Joyful Woman	f8f5f1b2-f02d-4d8e-a40d-fd850a487b3d
-16.2	Victoria - Refined Coordinator	dc30854e-e398-4579-9dc8-16f6cb2c19b9
-16.2	Callum - Brand Spokesperson	da4a4eff-3b7e-4846-8f70-f075ff61222c
-16.2	Clyde - Calm Narrator	98a34ef2-2140-4c28-9c71-663dc4dd7022
-16.2	Amanda - Warm Guide	b60048c2-abb5-43fa-b403-90dce232e55e
-16.2	Carlo - Roman Guide	1fc31370-81b1-4588-9c1a-f93793c6e01d
-16.3	Harper - Conversationalist	c5d00dfb-501f-43f3-8e79-c810d24f5acd
-16.4	Priya - Trusted Operator	f6141af3-5f94-418c-80ed-a45d450e7e2e
-16.4	Rowan - Team Leader	701a96e1-7fdd-4a6c-a81e-a4a450403599
-16.4	Silas - Nighttime Narrator	7e19344f-9f17-47d7-a13a-4366ad06ebf3
-16.4	Clarence - Newsman	41534e16-2966-4c6b-9670-111411def906
-16.6	Zeke - Friendly Sidekick	e00d0e4c-a5c8-443f-a8a3-473eb9a62355
-16.6	Wes - Customer Companion	2a4d065a-ac91-4203-a015-eb3fc3ee3365
-16.6	Whitney - Composed Concierge	f3c7d5d2-c1e1-41a0-bd88-8b5512be5335
-16.6	Kendra - Smooth Communicator	358e650d-ac0b-4a74-b14f-aca3daa40d79
-16.7	Willow - Approachable Ally	5f621418-ab01-4bf4-9a9d-73d66032234e
-16.7	Cathy - Coworker	e8e5fffb-252c-436d-b842-8879b84445b6
-16.8	Cole - Clear Communicator	3e39e9a5-585c-4f5f-bac6-5e4905c51095
-16.8	Reflective Woman	a3520a8f-226a-428d-9fcd-b0a4711a6829
-16.8	Esther - Gracious Helper	1a0c6bb2-bc1b-476e-8d45-56a66300362b
-16.9	Reed - Polished Professional	533b2990-5b82-45a4-b9f2-367776972ca6
-16.9	Jasper - Vibrant Stylist	e98bd614-9b9d-4031-b930-ed72482af858
-16.9	Ailsa - Warm Guide	fb02b554-7d64-4f90-841e-e57fc88f410c
-16.9	Madison - Best Friend	134838f5-ce7e-4876-ac32-6367b99daf83
-16.9	Roy - Stern Realist	f2ddbdca-59d9-4363-abeb-a197d65ea24a
-17.0	Riley - Chill Friend	21b81c14-f85b-436d-aff5-43f2e788ecf8
-17.0	Warren - Seasoned Pragmatist	aec42b73-8c46-4528-a377-537b5ecb8e7b
-17.0	Faye - Hospitable Neighbor	caa06a3e-c85d-459d-a1c0-4a25eeb60aeb
-17.0	Edith - Matriarch	c8605446-247c-4d39-acd4-8f4c28aa363c
-17.0	Loretta - Still Comfort	25bf938a-025c-4dd0-906f-8cf8be2e26e9
-17.0	Devansh - Warm Support Agent	1259b7e3-cb8a-43df-9446-30971a46b8b0
-17.1	Joseph - Empathetic Voice	7d444628-dd13-442b-b687-71a6baf0c07e
-17.1	Elizabeth - Manager	248be419-c632-4f23-adf1-5324ed7dbf1d
-17.1	Jessica - Clear Communicator	25d7abcb-4d6d-4aca-adce-8a1c85620c8b
-17.1	Miles - Yogi	f114a467-c40a-4db8-964d-aaba89cd08fa
-17.1	Carol - Task Coach	bf991597-6c13-47e4-8411-91ec2de5c466
-17.1	Liam - Guy Next Door	41f3c367-e0a8-4a85-89e0-c27bae9c9b6d
-17.2	Clementine - Hospitable Host	4111bc29-d7ff-4a15-90db-819f7b4f7706
-17.2	Jordan - Chill Pal	87bc56aa-ab01-4baa-9071-77d497064686
-17.2	Ellie Mae - Friendly Companion	8d2c9eda-31df-477a-9eb6-df6f00b82845
-17.2	Theo - Modern Narrator	79f8b5fb-2cc8-479a-80df-29f7a7cf1a3e
-17.2	Lulu - Madame Mischief	e13cae5c-ec59-4f71-b0a6-266df3c9bb8e
-17.3	Evie - Engaging Expert	e5d4c33a-d8f6-46e8-a10f-b5afecc35648
-17.3	Simi - Support Specialist	3b554273-4299-48b9-9aaf-eefd438e3941
-17.3	Jo - Go to Gal	5abd2130-146a-41b1-bcdb-974ea8e19f56
-17.3	Rachel - Polished Presence	10bd4af4-825b-49b8-b8bd-0ca11865536e
-17.3	Jolene - Warm Storyteller	d1d9c946-7cfc-4378-85a4-07d09827cb7e
-17.4	Sheldon - Help Desk Man	39b376fc-488e-4d0c-8b37-e00b72059fdd
-17.4	Asher - Podcaster	00967b2f-88a6-4a31-8153-110a92134b9f
-17.4	Corey - Supportive Buddy	630ed21c-2c5c-41cf-9d82-10a7fd668370
-17.4	Eden - Clear Advisor	83ae58a1-7e97-4b94-b03f-e4cc0a10d8af
-17.4	Rebecca - Counselor	57b6bf63-c7a1-4ffc-8e10-23bf45152dd6
-17.4	Zanele - Vibrant Advocate	263b9cc0-0d99-44e7-ae92-3d4ad5d2ad18
-17.5	Lindsey - Relaxed Rep	a38e4e85-e815-43ab-acf1-907c4688dd6c
-17.6	Claudia - Welcoming Lady	f80e7298-93f5-46d0-86f2-b8f29cfc88bd
-17.6	Sierra - California Girl	b7d50908-b17c-442d-ad8d-810c63997ed9
-17.6	Nolan - Expressive Agent	65209f8e-6140-4a20-b819-3cc2e21da19b
-17.6	Mary - Nurse	5c42302c-194b-4d0c-ba1a-8cb485c84ab9
-17.6	Evan - Practical Guide	bd89603f-0efb-4721-a0c8-d10b3642acc3
-17.6	Harrison - Diligent Detailer	df89f42f-f285-4613-adbf-14eedcec4c9e
-17.7	Doris - Friend	0c8ed86e-6c64-40f0-b252-b773911de6bb
-17.7	Casper - Gentle Narrator	4f7f1324-1853-48a6-b294-4e78e8036a83
-17.7	Stephanie - Steady Professional	6a73e45f-3fa6-427c-97da-0fc6a7a1bc0d
-17.8	Pearl - Calm Solutionist	d6c52d6f-6478-47a2-ad54-dbc8f3335a2b
-17.8	Ray - Conversationalist	565510e8-6b45-45de-8758-13588fbaec73
-17.8	Griffin - Narrator	c99d36f3-5ffd-4253-803a-535c1bc9c306
-17.8	Amelia - Instructor	043cfc81-d69f-4bee-ae1e-7862cb358650
-17.9	Dallas - Fireside Friend	23e9e50a-4ea2-447b-b589-df90dbb848a2
-17.9	Alaric - Wizard	87748186-23bb-4158-a1eb-332911b0b708
-17.9	Oscar - Clear Specialist	22df7143-7987-4e15-a720-d65c69a443b3
-17.9	Sameer - Problem Solver	638efaaa-4d0c-442e-b701-3fae16aad012
-17.9	Morgan - Executive Expert	0ee8beaa-db49-4024-940d-c7ea09b590b3
-17.9	Grant - Friendly Support	d46abd1d-2d02-43e8-819f-51fb652c1c61
-17.9	Alfie - Composed Advisor	5e7d492a-5502-482e-b315-ebf587427806
-17.9	Oliver - Customer Chap	ee7ea9f8-c0c1-498c-9279-764d6b56d189
-18.0	Avery - Gaming Girl	cccc21e8-5bcf-4ff0-bc7f-be4e40afc544
-18.0	Wyatt - Dependable Dispatcher	5fc5c797-12c5-4f2b-ac9b-d4e53c08098f
-18.0	Darla - Resolution Agent	996a8b96-4804-46f0-8e05-3fd4ef1a87cd
-18.0	Skylar - Friendly Guide	db6b0ed5-d5d3-463d-ae85-518a07d3c2b4
-18.1	Travis - How To Guide	40104aff-a015-4da1-9912-af950fbec99e
-18.1	Valerie - Support Authority	af346552-54bf-4c2b-a4d4-9d2820f51b6c
-18.1	Tina - Customer Ally	91b4cf29-5166-44eb-8054-30d40ecc8081
-18.1	Mark - Promotion Lead	5619d38c-cf51-4d8e-9575-48f61a280413
-18.1	Wang - Guide	79bfcec0-720c-41f2-a33a-f12383e9627f
-18.1	Connie - Candid Conversationalist	8d8ce8c9-44a4-46c4-b10f-9a927b99a853
-18.2	Caroline - Southern Guide	f9836c6e-a0bd-460e-9d3c-f7299fa60f94
-18.2	Steve - Baritone	9fb269e7-70fe-4cbe-aa3f-28bdb67e3e84
-18.2	Tyler - Friendly Salesman	820a3788-2b37-4d21-847a-b65d8a68c99a
-18.2	Troy - Fix It Man	726d5ae5-055f-4c3d-8355-d9677de68937
-18.2	Gary - Composed Advisor	dc52ada6-0e11-4684-a8fa-e0af5b7bdcb2
-18.3	Joan - Messenger	c9440d34-5641-427b-bbb7-80ef7462576d
-18.3	Steve - Angry Baritone	7c8ba972-4960-4c43-bea0-8178e2205696
-18.3	Ruby - Helpful Handler	ed9ccfa4-8fa1-40f8-bfb2-cb7d67d2f9cd
-18.3	Carson - Disgusted Friendly Support	ee8b13e7-98af-4b15-89d1-8d402be10c94
-18.3	Pippa - Bright Assistant	81cd8d19-45e7-47b2-ad0e-bcd94f557ad0
-18.3	Nathan - Easy Talker	97f4b8fb-f2fe-444b-bb9a-c109783a857a
-18.3	Ellen - Welcome Agent	a151affa-feaa-439e-8df8-c1d3f91dc6b9
-18.4	Callie - Encourager	00a77add-48d5-4ef6-8157-71e5437b282d
-18.4	Betty - Reassured Guide	fdd6abff-902a-4885-9f5f-0d3d9f7567e5
-18.4	Linda - Conversational Guide	829ccd10-f8b3-43cd-b8a0-4aeaa81f3b30
-18.4	Michelle - Empathetic Voice	d7bf7d75-64b7-4c1e-86c0-79d647366587
-18.4	Ruth - Manager	11af83e2-23eb-452f-956e-7fee218ccb5c
-18.4	Cooper - Friendly Mate	49743b08-0f5d-4741-839c-b12933853780
-18.5	Ronald - Thinker	5ee9feff-1265-424a-9d7f-8e4d431a12c7
-18.5	Cindy Baker - Receptionist	f039066f-cdb7-45ed-b51d-1034ae2f04a0
-18.5	Connor - Grateful Person	92c41dd4-04aa-45de-8504-a92b40cb8818
-18.5	Caspian - Oracle	d7862948-75c3-4c7c-ae28-2959fe166f49
-18.6	Siobhan - Warm Welcomer	d79d2b77-9192-4e10-9407-5d43ca034803
-18.6	Sarah - Mindful Woman	694f9389-aac1-45b6-b726-9d9369183238
-18.7	Trevor - Movieman	c45bc5ec-dc68-4feb-8829-6e6b2748095d
-18.7	Yasmin - Dialogue Anchor	daf747c6-6bc2-4083-bd59-aa94dce23f5d
-18.7	Steve - Happy Baritone	adde00e9-c98f-42ae-a94d-fc9f92f11c76
-18.7	Derek - Deep Advisor	68fb6747-b6ea-4c44-a18e-4e29921424d3
-18.7	Benedict - Royal Narrator	7cf0e2b1-8daf-4fe4-89ad-f6039398f359
-18.7	Tim - Pal	146485fd-8736-41c7-88a8-7cdd0da34d84
-18.7	Daisy - Reading Girl	32b3f3c5-7171-46aa-abe7-b598964aa793
-18.8	Hana - Easygoing Support	db408a93-859c-4a0a-b6a2-220c074cc90d
-18.8	David - Angry Greeter	fd098a10-ba9e-445e-b144-be2a9f3dac02
-18.8	Dottie - Sweet Gal	e3827ec5-697a-4b7c-9704-1a23041bbc51
-18.8	Heath - Calm & Composed	eb7d0d3b-e427-483b-bbca-1c009c33f8a7
-18.9	Imogen - Polished Guide	5a93ae96-9e3e-4b9d-8575-5f62b7de6d0f
-18.9	Barry 2.0 - Helper	4fb26a05-57de-4d21-855a-f51adae44f38
-18.9	Ethan - Casual Assistant	f0e50f2a-9116-4510-9c5b-fec928daff4b
-19.0	Camille - Friendly Expert	55deba52-bc73-4481-ab69-9c8831c8a7c3
-19.0	Arthur - Polished Advisor	bb7e8daa-8b79-47a2-8408-a7a1cc72b53c
-19.0	Madison - Sad Best Friend	27c12970-3efb-4f39-a78a-2fbb7bddc941
-19.0	Jake - Sidekick	729651dc-c6c3-4ee5-97fa-350da1f88600
-19.0	Zack - Sportsman	ed81fd13-2016-4a49-8fe3-c0d2761695fc
-19.1	Carson - Surprised Friendly Support	66f5935b-af2e-4ec9-bb3e-59112e9ddc93
-19.1	David - Sad Greeter	c4e848dc-d4fd-4bc8-90ea-8525563ec0e5
-19.1	Calypso - ASMR Lady	03496517-369a-4db1-8236-3d3ae459ddf7
-19.1	Keith - Easygoing Friend	9fa83ce3-c3a8-4523-accc-173904582ced
-19.2	Carson - Friendly Support	4df027cb-2920-4a1f-8c34-f21529d5c3fe
-19.3	Luke - Broadway Voice	7b2c0a2e-3dd3-4a44-b16b-26ecd8134279
-19.3	Samantha - Happy Support Leader	761afc95-bef5-44dd-aa07-d3c678912e43
-19.3	Cindy - Receptionist	1242fb95-7ddd-44ac-8a05-9e8a22a6137d
-19.3	Steve - Curious Baritone	c1c65fc2-528a-4dde-a2c4-f822785c2704
-19.4	Steve - Disgusted Baritone	f96dc0b1-7900-4894-a339-81fb46d515a7
-19.4	Aina - Meditation Guru	80c81aee-b6ad-4d12-9af8-a9c79c2e141d
-19.4	Luke - Happy Broadway Voice	3d79b1fd-daaa-439c-bff3-903dc18e7684
-19.5	Brenda - Host	607167f6-9bf2-473c-accc-ac7b3b66b30b
-19.5	Jameson - Easygoing Support	a5136bf9-224c-4d76-b823-52bd5efcffcc
-19.5	Olivia - Sunny Woman	f31cc6a7-c1e8-4764-980c-60a361443dd1
-19.5	Robyn - Storycrafter	8985388c-1332-4ce7-8d55-789628aa3df4
-19.6	Lexi - Fun Friend	56b87df1-594d-4135-992c-1112bb504c59
-19.6	Conor - Decisive Agent	1ec736fa-db96-4eea-9299-235ce2cb7a0e
-19.6	Carson - Angry Friendly Support	0b32066b-2bcc-44b9-89ab-0223a09d1606
-19.6	Pieter - Polished Analyst	baf84392-fa95-4d44-8871-d32ee36b0e01
-19.7	Alistair - Composed Consultant	c8f7835e-28a3-4f0c-80d7-c1302ac62aae
-19.8	Saira - Organized Coordinator	1e9b9b3d-d2ce-4cac-9d05-bc36a63fa28e
-19.8	Jane - Digital Guide	2a17e905-8f14-4db7-9b9d-9223a8e3f278
-19.8	Savannah - Magnolia Belle	78ab82d5-25be-4f7d-82b3-7ad64e5b85b2
-19.9	Fiona - Witty Woman	a01c369f-6d2d-4185-bc20-b32c225eab70
-19.9	Lori - Cheerleader	57c63422-d911-4666-815b-0c332e4d7d6a
-19.9	Lucy - Capable Coordinator	2f251ac3-89a9-4a77-a452-704b474ccd01
-19.9	Samantha - Angry Support Leader	04bfd756-4fd4-42c2-9ccf-37f647c5bf54
-20.0	Madison - Disgusted Best Friend	5993c2c9-5d59-403e-b459-946c8b302086
-20.0	Levi - Steady Spokesman	4703c250-66e4-4682-a223-0a60acafcfc0
-20.0	David - Scared Greeter	a3a4fe2a-d402-41d1-be7d-28f71eda755f
-20.0	Luke - Scared Broadway Voice	63426c82-a0c9-4f23-a175-50eb64c95ec1
-20.0	Janet - Sunny Speaker	58fbaf73-d7de-4e82-a6b3-118180e7057c
-20.0	Gemma - Decisive Agent	62ae83ad-4f6a-430b-af41-a9bede9286ca
-20.1	Garrett - Enthusiastic Pal	c58bda25-abd5-4c72-97a2-4dbe049b368d
-20.2	David - Curious Greeter	b08c966e-2146-4592-99eb-3171a714a43c
-20.2	Aarav - Old Time Storyteller	39d518b7-fd0b-4676-9b8b-29d64ff31e12
-20.2	David - Disgusted Greeter	9d2b4a7f-7ced-4fb8-b570-9ce21fb931c8
-20.2	Joey - Neighborhood Guy	34575e71-908f-4ab6-ab54-b08c95d6597d
-20.2	Benedict - Measured Mediator	3c0f09d6-e0d7-499c-a594-70c5b7b93048
-20.3	Henry - Plainspoken Guy	87286a8d-7ea7-4235-a41a-dd9fa6630feb
-20.4	David - Surprised Greeter	10d17ae0-8f64-472a-be00-f00a98c729e0
-20.5	Luke - Angry Broadway Voice	61001bc6-9064-40a4-b8b2-29178e0fa558
-20.5	George - Composed Consultant	4bc3cb8c-adb9-4bb8-b5d5-cbbef950b991
-20.5	Steve - Scared Baritone	b1ce5126-4d08-42c3-adef-d3eb39e90c7a
-20.6	Thandi - Direct Dispatcher	692846ad-1a6b-49b8-bfc5-86421fd41a19
-20.6	Samantha - Yelling Support Leader	d3e03deb-5439-4203-add1-ca9a7501eaa7
-20.7	Luke - Disgusted Broadway Voice	79b8126f-c5d9-4a73-8585-ba5e1a077ed6
-20.7	Ben - Helpful Man	bbee10a8-4f08-4c5c-8282-e69299115055
-20.8	Lori - Surprised Cheerleader	c2da2a3e-b0d6-46bf-a09a-68562617a50a
-20.8	Madison - Surprised Best Friend	a5def41e-2e73-433f-92f7-5f1d99fef05d
-20.8	Steve - Surprised Baritone	6fd4f468-0345-4f41-81d0-3f48ebc295e0
-20.9	Johan - Deep Consultant	4b31d090-8d2d-4bcd-8a32-1c135301e26e
-20.9	Carson - Curious Conversationalist	86e30c1d-714b-4074-a1f2-1cb6b552fb49
-21.0	Madison - Scared Best Friend	30236d07-62d0-4c63-abf7-df46aa45e473
-21.0	Samantha - Support Leader	f4e8781b-a420-4080-81cf-576331238efa
-21.0	Alec - Spirited Salesman	17044048-bfab-44b2-9532-9c1b65e9c217
-21.0	Anele - Bright Presenter	072d954b-8379-4b6b-816a-bb0cd38725f8
-21.1	Madison - Curious Best Friend	98c87826-dba2-44f4-b123-4c7e3c8a2647
-21.3	Eleanor - Composed Clarifier	7d7d769c-5ab1-4dd5-bb17-ec8d4b69d03d
-21.4	Kate - Practical Voice	489b647b-5662-408f-8c95-82e26ef8d29e
-21.6	David - Happy Greeter	6b622a1d-906f-44af-b60c-7bef365bf124
-21.6	Maia - Agile Support	5a033900-2ed6-4fd4-a257-707f2688e713
-21.7	Jacqueline - Reassuring Agent	9626c31c-bec5-4cca-baa8-f8ba9e84c8bc
-21.7	Lori - Cheerleader	5cc54223-ec0c-4c50-87e9-b9947264e1f4
-21.7	Rupert - Caring Dad	0ad65e7f-006c-47cf-bd31-52279d487913
-21.7	Lori - Curious Cheerleader	ba0add52-783c-4ec0-8b9c-7a6b60f99d1c
-21.8	Quinn - Calm Authority	045f0292-0731-4a4c-971d-64594fc2c35a
-21.9	Luke - Surprised Broadway Voice	725d43d6-1196-480e-bd87-728ae5eff9e1
-21.9	Isla - Serene Flow	eef47c0d-cb49-4160-a4a0-6b97ed4c81e6
-21.9	Toby - Genuine Guide	3d5ce2fb-e56c-42f0-9ed9-4662484063b4
-22.0	Chase - Steady Helper	59cb0f89-5d66-49f8-b965-f72b252789e0
-22.0	Samantha - Sad Support Leader	5e10a334-7fa5-46d4-a64b-5ae6185da3fd
-22.0	Austin - Conversational Guide	1fcd23d0-bf12-4896-8f60-4f21ef5c9b98
-22.3	Kurt - Phone Support	efa653e5-314d-46ca-9f90-70ac7d6ca71e
-22.4	Kenneth - Friendly Rep	911b8b22-887f-4caf-bf87-85d834c08708
-22.4	Adrian - Explorer	e2d48e7b-cd73-4c4c-bc1e-f232580e8709
-22.4	Lily - Casual Pal	dda51133-5d43-4a3b-84e6-e68c13f60cba
-22.4	Lauren - Lively Narrator	a33f7a4c-100f-41cf-a1fd-5822e8fc253f
-22.4	Lawson - Suave Storyteller	d2c66146-c1c8-4c3a-9870-38e5a6b72442
-22.6	Carson - Scared Friendly Support	5c43e078-5ba4-4e1f-9639-8d85a403f76a
-22.7	Cera - Lighthearted Muse	3af40927-948e-429b-b92d-e2158f79fb9f
-22.7	Wesley - Chill Flow	6fccb471-26f7-4f7a-93dd-542935db6c20
-22.7	Wade - Southern Soul	3d83e30f-c31b-4f26-b442-7075feafa53a
-22.7	Carson - Friendly Support	96c64eb5-a945-448f-9710-980abe7a514c
-22.8	Albert - Firm Guide	9a0894a9-28f0-436e-9a1d-e92bccbce4dd
-22.9	Lori - Happy Cheerleader	8843adfb-77d3-455a-86f9-de0651555ec6
-23.0	Janice - Engaging Tone	69092565-1c93-4a88-9f2c-ac8cddaf9f65
-23.0	Paul - Straight Talker	3e1ed423-17e5-4773-b87c-25b031106e41
-23.0	Layla - Casual Friend	999df508-4de5-40a7-8bd3-8c12f678c284
-23.0	Caleb - Seasoned Pro	b9cf5ec3-eaa4-46a5-a5b2-b0d0f22395a2
-23.0	Carl - Steady Storyteller	ed82c17b-4704-4d34-be43-5d19065acdf1
-23.1	Melanie - Lively Spirit	dcc82bcd-647e-4478-955f-8232d5122f8b
-23.1	Elias - Night Warden	6a176356-ada1-4b48-b2ae-3a3fdd485680
-23.1	Wade 2.0 - Southern Soul	fbf7d2ec-ebea-49f2-8889-a482b9b0a7ed
-23.1	Hugh - Confident Veteran	4cf80313-54dc-4ca9-a17c-3e5b8f68a78c
-23.2	Benji - Joyful Spirit	2d5b8c3a-116c-4741-acaf-ba4fa289eba2
-23.2	Shelly - Warm Companion	0d2162c2-2fe9-40a7-b3c1-43eab576a64b
-23.2	Jewel - Commercial Announcer	f39d8500-0d9b-4b8b-a080-38f5188f5892
-23.2	Selene - Soothing Aura	63927f41-9616-4ac2-89cf-f3afa346e0ef
-23.3	Joanie - Vibrant Speaker	a7b8d8fa-f6e5-4908-900e-0c11d1d82519
-23.3	Allie - Natural Conversationalist	2747b6cf-fa34-460c-97db-267566918881
-23.3	Amber - Warm Support Agent	a7a59115-2425-4192-844c-1e98ec7d6877
-23.3	Jamie - Comforting Presence	b5c1bab5-f036-481f-9295-4db6f06f6443
-23.4	Tara - Confident Ally	3308b492-50cc-417e-89dd-1f446c574546
-23.4	Dana - Balanced Spirit	cc00e582-ed66-4004-8336-0175b85c85f6
-23.4	Zoey - Bright Voice	48369ca9-0645-40de-9821-0d55e18a03c2
-23.4	Lila - Meditation Guide	4af7c703-f2a9-45dd-a7fd-724cf7efc371
-23.5	Sophie - Teacher	bf0a246a-8642-498a-9950-80c35e9276b5
-23.5	Katie - Friendly Fixer	f786b574-daa5-4673-aa0c-cbe3e8534c02
-23.5	Evelyn - Digital Assistante	3c7dfd17-3fa8-47aa-aacc-6313fe025442
-23.5	Nadia - Singaporean Female	efddb3d2-4464-45e0-9f8a-fcd5fd4fc54f
-23.5	Brooke - Big Sister	e07c00bc-4134-4eae-9ea4-1a55fb45746b
-23.6	Vivian - Fierce Narrator	ca31ce53-ebf6-4e51-b87d-2f65d5d1f7f8
-23.7	Zander - Energetic Announcer	afb19d1b-4044-4f34-a962-f4aef640a002
-23.7	Natasha - Upbeat Guide	e2d08065-b658-466b-ad52-cef8ee21d307
-23.7	Marvin - Steady Ally	49808e4c-998a-40a8-b2ea-8ac8e8ce779e
-23.7	Luke - Broadway Voice	8e14933d-ecd7-402b-9505-795130d69b35
-23.7	Iris - Friendly Specialist	c894559e-d529-4d70-a6fb-3330ecf7ef6b
-23.7	Lori - Sad Cheerleader	2d01710c-7c77-4cf1-b0d0-5902a25f6e17
-23.7	Hugo - Teatime Friend	1463a4e1-56a1-4b41-b257-728d56e93605
-23.8	Edric - Refined Mentor	921034a2-aace-4ef7-87b1-b9bc455c9a15
-23.8	Jeremy - Energetic Promoter	6cb8801d-259a-4bdc-978f-b45808d58cd3
-23.9	Jasper - Service Specialist	3faa81ae-d3d8-4ab1-9e44-e50e46d33c30
-23.9	Sabrina - Casual Ally	0a9a5903-0a30-4d2e-b6b6-891f73d4b4e0
-23.9	Leo - Genuine Companion	0834f3df-e650-4766-a20c-5a93a43aa6e3
-24.0	Holly - Joyful Presence	aef96ff9-4578-4b5d-9744-7fb347cbe4d4
-24.0	James - Navigator	42b39f37-515f-4eee-8546-73e841679c1d
-24.0	Darius - Engaging Narrator	23112795-d54e-4560-9568-791a87c30201
-24.0	Daniel - Modern Assistant	47c38ca4-5f35-497b-b1a3-415245fb35e1
-24.1	Lori - Disgusted Cheerleader	414da90b-16b3-4e88-86f5-3c3945e8fa4b
-24.1	Lori - Scared Cheerleader	fb78f09f-f998-4061-ad51-d71f90388f0e
-24.1	Ariana - Kind Friend	ec1e269e-9ca0-402f-8a18-58e0e022355a
-24.2	Ross - Reliable Partner	f24ae0b7-a3d2-4dd1-89df-959bdc4ab179
-24.3	Madison - Happy Best Friend	62305e79-9d39-4643-b003-5e0b096fe4f4
-24.4	Colin - Assured Guide	e39b9fc0-23f5-4616-962a-da99c8ccb1dc
-24.4	Julian - Vibrant Voice	5319c0b1-3dd1-4c00-b721-bfd2ec88ef56
-24.4	Kiefer - Assured Tone	228fca29-3a0a-435c-8728-5cb483251068
-24.4	Tanner - Upbeat Assistant	710feaa3-b550-42f3-b3eb-6f37f2a7cc0a
-24.4	Elaine - Confident Guide	f0377496-2708-4cc9-b2f8-1b7fdb5e1a2a
-24.4	Steven - Big Brother	17488b72-f815-44d8-bdd9-869971c3ec06
-24.5	Serena - Laidback Girl	3ef78ba6-9aaa-46a2-b5b5-f9ded76a2370
-24.6	Molly - Upbeat Conversationalist	03b1c65d-4b7f-4c09-91a8-e2f6f78cb2c9
-24.6	Luke - Sad Broadway Voice	5c7b66c2-3b58-464d-8a12-093410a269c5
-24.7	Denise - Professional Woman	8a1b8af0-c4f6-423f-a268-5507fd4aefdf
-24.7	Preston - Relatable Pal	cd6256ef-2b2a-41f6-a8d8-c1307af5061f
-24.7	Damon - Commanding Narrator	dbfa416f-d5c3-4006-854b-235ef6bdf4fd
-24.8	Kira - Trusted Confidant	57dcab65-68ac-45a6-8480-6c4c52ec1cd1
-25.0	Regis - News Anchor	74f42072-6245-4fe2-b5dc-3dc9b56fdbd0
-25.1	Clara - Instructor	01eaafa9-308a-4276-a017-6ab0cf061b1f
-25.1	Edward - Persuasive Promoter	5fb68a42-0ed7-46fa-8a8f-ad4b332fbf6f
-25.2	Sean - Steady Companion	1cb5b8bc-77c9-4e7c-a251-da02348e2727
-25.2	Laurel - Caring Sister	cb6a8744-41b0-4cdc-b643-fabeb545c6a9
-25.5	Jace - Cool Conversationalist	6776173b-fd72-460d-89b3-d85812ee518d
-25.6	Elise - Helpful Voice	64b2a604-f0de-449f-9d90-255602357c05
-25.6	Parker - Supportive Pal	30894953-bcce-41fe-892c-15ce19c843ff
-25.6	Logan - Approachable Friend	ea7c252f-6cb1-45f5-8be9-b4f6ac282242
-25.6	Nora - Calm Companion	f4c1a0b2-669d-403f-b440-4b34b34856aa
-25.8	Aubrey - Easygoing Pal	87041166-c212-4838-9028-05d7437df750
-25.8	Diana - Animated Narrator	083de431-6b5c-4b18-a2dc-264eafa205f2
-25.8	Jillian - Happy Spirit	e4d5f4c4-6601-4779-bee1-b3c14d629dc6
-25.8	Carson - Sad Friendly Support	3246e36c-ac8c-418d-83cd-4eaad5a3b887
-25.9	Todd - Matter of Fact Salesman	efd255c7-f030-43d3-b5d8-c7b72063be70
-25.9	Natalie - Caring Specialist	b87d697c-0af2-4617-a72f-a17444b32d1b
-26.0	Kyle - Approachable Friend	c961b81c-a935-4c17-bfb3-ba2239de8c2f
-26.1	Monica - Emotive Voice	1b4ea5fb-b1c0-43ee-a7be-4e315878c2b1
-26.1	Derrick - Professional Man	5cf0e4d9-ca2b-4fd5-81fa-89db3b645539
-26.1	Kelsey - Ball of energy	050f5a7a-9d2b-4b76-84e3-2d056a0a3eb0
-26.2	Dorothy - Easy Charm	66c6b81c-ddb7-4892-bdd5-19b5a7be38e7
-26.2	Tiffany - Dynamic Presence	86600680-b836-41e1-9916-8475728dcc14
-26.3	Orin - Velvet Gentleman	4c2dcd38-5608-45ca-8f11-51c88208d01c
-26.4	Scott - Sportscaster	2f22b9bc-b0eb-4cb6-b5ae-0c099a0fdfad
-26.4	Emma - Customer Care Line	f6ff7c0c-e396-40a9-a70b-f7607edb6937
-26.4	Brittany - Intense Performer	46788d8e-cdf9-4d5c-9125-094eb2e4d44c
-26.5	Rory - Maternal Vibe	9329fbdb-e285-4fba-95ec-592e15f14476
-26.5	Gavin - Friendly Vibe	f4a3a8e4-694c-4c45-9ca0-27caf97901b5
-26.5	Archie - Approachable Mate	ef191366-f52f-447a-a398-ed8c0f2943a1
-26.6	Sienna - Encourager	4e41a434-85fc-4614-b203-af79ba44d473
-26.8	Ralph - Dynamic Commentator	1ce291a1-0771-4732-a3f7-8cca29bf055f
-26.8	Judith - Poised Strength	4d3d2e9c-14e4-4802-a8d8-bd5268a73fde
-26.8	Melina - Bright Spirit	d6b0c62a-c7ff-477c-9a1f-eadd64b94360
-26.9	Chloe - Persuasive Lady	f762e181-ddc7-486e-9a48-636bd7e229d4
-26.9	Cameron - Chill Companion	df872fcd-da17-4b01-a49f-a80d7aaee95e
-27.1	Diana - Gentle Mom	ea93f57f-7c71-4d79-aeaa-0a39b150f6ca
-27.1	Harley - Comforting Voice	fdf6303b-4cfa-4f8e-b7ae-acb398984cf9
-27.2	Maya - Easygoing Ally	cbaf8084-f009-4838-a096-07ee2e6612b1
-27.2	Haley - Engaging Friend	cec7cae1-ac8b-4a59-9eac-ec48366f37ae
-27.2	Chandler - Easygoing Pal	356f4a89-d056-4e2e-8c73-865fa4d3af0a
-27.2	Eliott - Positive Spirit	7a8ae0b6-504a-49af-92d3-4e7e2eb84ca1
-27.3	Aiden - Yogi	3ccc4544-84f7-45e3-ae57-5c52b5a1fac6
-27.3	Arvin - Reliable Guide	3f04e815-3260-4f50-8fd9-af9c657be4c2
-27.4	Sunny - Pep Talker	156fb8d2-335b-4950-9cb3-a2d33befec77
-27.4	Howard - Approachable Man	0d42f0f6-c019-4082-b250-1c16133d1c82
-27.5	Tessa - Kind Companion	6ccbfb76-1fc6-48f7-b71d-91ac6298247b
-27.5	Dean - Laidback Pal	90c896fa-aaa1-41af-a612-5267636440a3
-27.5	Lacey - Sunny Soul	efc5488b-5429-4e72-aaa2-570981cf47d9
-27.5	Kayla - Easygoing Pal	1ac31ebd-9113-405b-9d80-4a4bbbeea91c
-27.6	Daphne - Excited Woman	09ed0318-2f4a-41b1-abe5-d11da7537c31
-27.6	David - Greeter	da69d796-4603-4419-8a95-293bfc5679eb
-27.7	Clint - Rugged Actor	db69127a-dbaf-4fa9-b425-2fe67680c348
-27.7	Ronan - Warm Buddy	8d7d11ff-d985-48a2-a737-1da0b6fedc8b
-27.7	Dylan - Chill Companion	b2222537-1561-4425-8c3c-e1aca96ad853
-27.8	Maxine - Relaxed Energy	6fbca103-0f7f-4e49-97ed-49a53b4f3534
-27.9	Marge - Seasoned Grace	a2364c9d-1fe3-4553-9eff-100c4fe5ffc8
-27.9	Tanner - Laidback Spirit	373e661a-f0ef-4e34-a09e-183184a443e6
-27.9	Julia - Gentle Guide	273f9ef7-9fc2-4def-88bb-ab108c6249ca
-27.9	Vicky - Businesswoman	643f5eee-459d-4b41-b4fc-0b8407139be6
-28.0	Emily - Easygoing Pal	f6ce3444-478b-4ce4-982e-bcb72dffe7aa
-28.3	Marian - Poised Narrator	26403c37-80c1-4a1a-8692-540551ca2ae5
-28.3	Kelly - Friendly Spirit	4b1e0bf9-53a0-4e9e-8664-ba1314dbcb38
-28.3	Lira - Tranquil Voice	c1b9a03e-747f-40ad-8e7b-18caf8aaac0b
-28.3	Graham - Assured Helper	1628cfcd-a161-4e47-98ff-46bffa4ab290
-28.3	Brandon - Confident Guy	5cad89c9-d88a-4832-89fb-55f2f16d13d3
-28.4	Sasha - Cool Friend	3f38cbe2-ce6a-4051-b5dc-2b2ee20b9bc1
-28.5	Conrad - Seasoned Support	9c8880b2-ccf9-4730-b805-cea23df247d7
-28.5	Spencer - Chill Gentleman	3bf35adc-bcc4-464b-b834-c90c88cf6492
-28.6	Mindy - Spirited Ally	d6905573-8e91-4e32-b103-fd4d1205cd87
-28.6	Marilyn - Explainer	f9fc912e-52f0-448a-8bfa-47e9ca75f25a
-28.7	Jett - Helpful Pal	bbc5d060-50e1-45a3-87ff-191b8cea3092
-28.7	Marcus - Reliable Guy	9301949d-b7cd-40d9-a246-5a4430992d6b
-28.9	Reese - Warm Companion	c7c790c5-2bf4-47e4-bc83-5f43e61f3803
-29.0	Shane - Helpful Guide	8cbfe3ab-8364-4e72-b606-93f749519c66
-29.1	Donny - Steady Presence	d709a7e8-9495-4247-aef0-01b3207d11bf
-29.1	Dominic - Sportscaster	59697755-8cfb-4ccf-9da4-f2201d06b067
-29.3	Patricia - Veteran Support	e5a6cd18-d552-4192-9533-82a08cac8f23
-29.4	Devin - Relaxed Spirit	87a983d8-3471-4c4b-9ade-f1d10a4110ac
-29.7	Clark - Trustworthy Expert	c78dd7ae-6692-4c44-a2a2-834e365afe60
-30.0	Elliott - Reflective Storyteller	7edf9efb-58fc-46ba-a648-3a00a86b111b
-30.1	Suzanne - Laidback Aunt	8634bd27-0acf-4056-b014-4fea0385ed9e
-30.3	Clarkson - Executive Tone	c0f43c66-9f21-4034-b485-8f1d3340d759
-30.5	Edna - Graceful Veteran	19e399df-5b30-4fba-9d1d-99434f993614
-30.6	Skyler - Laidback Partner	01fd7d67-d2a0-4e4e-8c48-42611c71a926
-30.7	Sterling - Monarch	b134c304-d095-4d2b-a77a-914f5e8e84e7
-30.7	Harlan - Vintage Tone	a892d232-f705-40d7-bc8d-e368b295ec2a
-31.2	Colby - Lively Guy	18f8d87b-0da9-4efa-b504-4580e303f7db
-31.3	Allen - Modern Voice	9287676d-f0cc-423f-ac03-3b3c7242f091
-31.4	Ariane - Captivating Tone	1f575487-6f3d-40e0-862a-814f55b5fb15
-31.4	Ella - Caring Scout	2a12b36c-7f9b-4c3a-9f7a-72731b15323a
-31.8	Kim - Cheerful Pal	eb649460-7e23-43bc-ad20-0a7a2749b938
-32.1	Mason - Calm Vibe	b58b6b46-1a27-46ba-8648-bc203a5d394e
-32.2	Tabitha - Smooth Energy	b56c6aac-f35f-46f7-9361-e8f078cec72e
-32.7	Brent - Steady Conversationalist	3d808d23-cb09-4c39-8afd-528e209cba4f
-32.9	Romeo - Calm Narrator	f688c0a6-dddd-48ba-8246-c099d494a162
-32.9	Noah - Calming Presence	a924b0e6-9253-4711-8fc3-5cb8e0188c94
-33.4	Celine - Soothing Presence	ca566b43-944e-4474-b494-7d9f0695f307
-33.7	Evelyn - Peaceful Whisper	320f7211-3dc3-4292-89b1-3661e8cac27c
-33.8	Cory - Relaxed Voice	41468051-3a85-4b68-92ad-64add250d369
-33.8	Marjorie - Encouraging Aunt	3d9b50f9-10c5-4026-9ae1-c4a698f67fc5
-34.0	Bryce - Clear Explainer	2948c301-9211-4112-8f36-4c3fc836ef12
-34.4	Madison - Best Friend	02fe5732-a072-4767-83e3-a91d41d274ca
-37.2	Krishna - Friendly Pal	c63361f8-d142-4c62-8da7-8f8149d973d6
-39.4	Martin - Meticulous Operator	dcddf1f4-b114-4b5d-9158-895cbba0e406
-40.7	Erin - Joyful Guide	8918ddfe-2ad4-4cc8-a573-e020ca13f3f5
